Type,Run Name,Model,Test Accuracy,Test F1,CV Mean,CV Std,Train Acc,Overfitting Gap,Run ID,Created
Baseline,lightgbm_2020_baseline,lightgbm,0.6791751952088545,0.6609625255557315,0.6968592449203408,0.048399568584391886,0.7533914027447007,0.07421620753584623,7db4cd79db7e4bbbbca5e942b5b1ca2f,1766071105809
Ensemble,voting_soft_2020,voting,0.6760417456346499,0.6639402279579337,0.7008887801102303,0.0,0.0,0.0,00b08cad386543da8dba66d184e7cf35,1766071532664
Ensemble,stacking_2020,stacking,0.6747277183938544,0.6635888960376763,0.701102600173734,0.0,0.0,0.0,074b3be2cddd48f1aa47fd6b56eea732,1766072172470
Baseline,xgboost_2020_baseline,xgboost,0.6730346448335986,0.659738511887759,0.6932704725426518,0.04231603541769333,0.7461316298469757,0.07309698501337702,89e9a1e5f9564a2daebb85f809b3040d,1766071044533
Baseline,random_forest_2020_baseline,random_forest,0.6625729664164961,0.6593558208148896,0.7035268874085475,0.03321726448909161,0.7943809949869081,0.13180802857041196,28d1f60f1e844505b47001e17f4a8bb0,1766070448193
Baseline,logistic_regression_2020_baseline,logistic_regression,0.5009223460440199,0.5083654006935668,0.5901764842618132,0.008514287239546961,0.5894396126366759,0.08851726659265602,a2655e0ac12843719940c3356534900c,1766071226970
